subreddit,id,title,score,num_comments,url
politics,1n43su4,Saturday Morning Political Cartoon Thread,14,48,https://www.reddit.com/r/politics/comments/1n43su4/saturday_morning_political_cartoon_thread/
politics,1n46432,Trump Heads Off Death Rumors by Finally Appearing in Public,4768,910,https://www.thedailybeast.com/donald-trump-heads-off-death-rumors-by-finally-appearing-in-public/
politics,1n3xywg,"Vance says he’s prepared to be president ‘If God forbid, a terrible tragedy happens’",17898,1830,https://www.independent.co.uk/news/world/americas/us-politics/jd-vance-president-trump-health-b2816389.html
politics,1n4246n,Trump Pictured Heading to Play Golf After Baseless Viral Death Speculation,6207,1582,https://www.newsweek.com/donald-trump-playing-golf-baseless-viral-death-rumors-2122068
politics,1n3yrs7,Bernie Sanders: Kennedy Must Resign,11660,311,https://www.nytimes.com/2025/08/30/opinion/bernie-sanders-robert-f-kennedy-jr-resign-hhs.html?unlocked_article_code=1.iE8.5dvu.2GvrGe3Y6PY7&smid=re-nytopinion
politics,1n44i2q,JB Pritzker Just Set Himself Apart From All Other Democrats,3758,465,https://newrepublic.com/post/199800/jb-pritzker-trump-opposition-2028
politics,1n48foc,Chicago mayor to sign executive order directing city to resist Trump’s immigration raids,2221,99,https://www.theguardian.com/us-news/2025/aug/30/chicago-mayor-executive-order-trump-immigration-raids
politics,1n4at9f,Bernie Sanders demands that RFK Jr step down as health secretary,955,25,https://www.theguardian.com/us-news/2025/aug/30/bernie-sanders-rfk-jr-resign
politics,1n484r9,"Obama warns ‘all Americans are at risk’ after Trump threatens to clamp down on Chicago - ‘The expanding use of our military on domestic soil puts the liberties of all Americans at risk,’ the former president said",1307,108,https://www.independent.co.uk/news/world/americas/us-politics/obama-trump-chicago-crime-crackdown-b2817090.html
politics,1n3y7ai,"‘Racist as hell’: Trump’s cabinet is almost all white, and he keeps firing Black officials",5285,178,https://www.theguardian.com/us-news/2025/aug/30/trump-administration-cabinet-race
politics,1n438q5,"Missouri Gov. Calls Special Session to Ram Through Gerrymander, Strip Citizen Power",2072,122,https://www.democracydocket.com/news-alerts/missouri-gov-calls-special-session-to-ram-through-gerrymander-strip-citizen-power/
politics,1n419or,Letitia James celebrates tariff victory over Trump: 'Never stop fighting',2592,51,https://www.newsweek.com/letitia-james-donald-trump-tariffs-2122057
politics,1n3ytr2,These billionaires have already spent $19 million in a bid to defeat Mamdani,3660,232,https://truthout.org/articles/these-billionaires-have-already-spent-19-million-in-a-bid-to-defeat-mamdani/
politics,1n46m1f,"Trump, 79, Fundraises Off His Desperate Push to Get Into Heaven",974,260,https://www.thedailybeast.com/donald-trump-79-fundraises-off-his-desperate-push-to-get-into-heaven/
politics,1n3zo0n,Wisconsin Supreme Court Judge Issues Warning With Big Announcement,2492,155,https://www.newsweek.com/supreme-court-judge-wisconsin-warning-rebecca-bradley-reelection-2121728
politics,1n46c28,Bondi Fires DOJ Staffer Who Flicked Off National Guardsman,828,135,https://www.thedailybeast.com/pam-bondi-fires-doj-staffer-who-flicked-off-national-guardsman/
politics,1n3tivd,Epstein Estate Will Turn Over Infamous ‘Birthday’ Book,6487,212,https://www.thedailybeast.com/lawmaker-robert-garcia-says-epstein-estate-will-turn-over-infamous-birthday-book/
politics,1n3y5m4,Trump Taps 'Manifestly Unqualified' Peter Thiel Protégé as Acting CDC Director After RFK's Purge,2153,99,https://www.commondreams.org/news/trump-nominates-jim-o-neill
politics,1n42hrj,Trump Is Starting to Turn on the People He Handpicked,970,177,https://www.wsj.com/politics/policy/trump-administration-firings-65d54660?st=gAmeyn
politics,1n415st,Governor Gavin Newsom signs bill to protect fire survivors' insurance payouts,991,23,https://www.nbclosangeles.com/news/local/governor-gavin-newsom-signs-bill-to-protect-fire-survivors-insurance-payouts/3771934/
PoliticalDiscussion,1bwbuka,Casual Questions Thread,84,8302,https://www.reddit.com/r/PoliticalDiscussion/comments/1bwbuka/casual_questions_thread/
PoliticalDiscussion,1msce9l,"[Moderator Announcement] New Mod Applications, Rule Clarifications, and Community Feedback",1,12,https://www.reddit.com/r/PoliticalDiscussion/comments/1msce9l/moderator_announcement_new_mod_applications_rule/
PoliticalDiscussion,1n415bq,"Why has it been so difficult for Democrats to get ""over the hump"" in North Carolina?",65,63,https://www.reddit.com/r/PoliticalDiscussion/comments/1n415bq/why_has_it_been_so_difficult_for_democrats_to_get/
PoliticalDiscussion,1n3h9ca,What do you think about Gavin Newsom's new social media campaign mocking Trump's posting style?,513,370,https://www.reddit.com/r/PoliticalDiscussion/comments/1n3h9ca/what_do_you_think_about_gavin_newsoms_new_social/
PoliticalDiscussion,1n3f9s1,Does the US constitution need to be amended to ensure no future president can get this far or further into a dictatorship again or is the problem potus and congress are breaking existing laws?,286,193,https://www.reddit.com/r/PoliticalDiscussion/comments/1n3f9s1/does_the_us_constitution_need_to_be_amended_to/
PoliticalDiscussion,1n2l8ia,"If JD Vance is the Republican nominee in 2028 and loses the election, will he certify his own loss?",556,209,https://www.reddit.com/r/PoliticalDiscussion/comments/1n2l8ia/if_jd_vance_is_the_republican_nominee_in_2028_and/
PoliticalDiscussion,1n2ycte,Is it possible for US to collapse like into parts like 1991 USSR?,30,136,https://www.reddit.com/r/PoliticalDiscussion/comments/1n2ycte/is_it_possible_for_us_to_collapse_like_into_parts/
PoliticalDiscussion,1n1u079,Is there any scenario where the U.S. military would intervene in politics if there is a real threat to the Constitution?,248,305,https://www.reddit.com/r/PoliticalDiscussion/comments/1n1u079/is_there_any_scenario_where_the_us_military_would/
PoliticalDiscussion,1n37xll,Why should a sitting President be held to the same legal standard as a civilian when it comes to lying or spreading misinformation?,0,27,https://www.reddit.com/r/PoliticalDiscussion/comments/1n37xll/why_should_a_sitting_president_be_held_to_the/
PoliticalDiscussion,1n1apvl,"Trump said today: “I have the right to do anything I want to do. I’m the president of the United States”. People from the US, what are your thoughts on this?",392,330,https://www.reddit.com/r/PoliticalDiscussion/comments/1n1apvl/trump_said_today_i_have_the_right_to_do_anything/
PoliticalDiscussion,1n16f29,"In 1795, Chief Justice Jay resigned to serve as Governor of New York. In 1832, Vice President Calhoun resigned to serve in the Senate. Could such a thing happen today? Is there any scenario where a prominent politician could resign to serve a ""lesser"" role, or has politics become too nationalized?",46,25,https://www.reddit.com/r/PoliticalDiscussion/comments/1n16f29/in_1795_chief_justice_jay_resigned_to_serve_as/
PoliticalDiscussion,1n09ltj,"If allegations of mortgage fraud are cause for removal of Fed Governor Lisa Cook, would 34 felony counts of fraud be cause for removal of Trump?",385,60,https://www.reddit.com/r/PoliticalDiscussion/comments/1n09ltj/if_allegations_of_mortgage_fraud_are_cause_for/
PoliticalDiscussion,1n1l2p6,Will the shooting at the Annunciation Catholic School in Minneapolis embolden Democrats to make gun control an issue in the 2026 midterms?,0,35,https://www.reddit.com/r/PoliticalDiscussion/comments/1n1l2p6/will_the_shooting_at_the_annunciation_catholic/
PoliticalDiscussion,1mzv1a2,"Trump has said the DOJ will be filing a lawsuit against California's redistricting effort. With a Republican majority on the Supreme Court, can this lawsuit actually prevent California from doing what Texas is doing, giving the Republicans a House advantage?",1285,268,https://www.reddit.com/r/PoliticalDiscussion/comments/1mzv1a2/trump_has_said_the_doj_will_be_filing_a_lawsuit/
PoliticalDiscussion,1n0wgiu,Should potential 2028 Democratic hopeful make campaign promises to recognize a Palestinian state?,0,256,https://www.reddit.com/r/PoliticalDiscussion/comments/1n0wgiu/should_potential_2028_democratic_hopeful_make/
PoliticalDiscussion,1mzn0u5,Is the rise of authoritarianism a systemic response to crises within liberal capitalism?,57,115,https://www.reddit.com/r/PoliticalDiscussion/comments/1mzn0u5/is_the_rise_of_authoritarianism_a_systemic/
PoliticalDiscussion,1mz6m1w,What is the tone for the DNC and the RNC primary's going to be like?,96,161,https://www.reddit.com/r/PoliticalDiscussion/comments/1mz6m1w/what_is_the_tone_for_the_dnc_and_the_rnc_primarys/
PoliticalDiscussion,1myv6j9,Can the Brownfield Problem Be Solved? What Are the Main Obstacles?,35,62,https://www.reddit.com/r/PoliticalDiscussion/comments/1myv6j9/can_the_brownfield_problem_be_solved_what_are_the/
PoliticalDiscussion,1mzt9qg,How can U.S. voters influence the situation in Gaza?,0,82,https://www.reddit.com/r/PoliticalDiscussion/comments/1mzt9qg/how_can_us_voters_influence_the_situation_in_gaza/
PoliticalDiscussion,1mxwbnt,Who is America's best governor?,134,251,https://www.reddit.com/r/PoliticalDiscussion/comments/1mxwbnt/who_is_americas_best_governor/
worldnews,1n3s1ol,"/r/WorldNews Live Thread: Russian Invasion of Ukraine Day 1283, Part 1 (Thread #1430)",435,113,https://www.reddit.com/live/18hnzysb1elcs
worldnews,1n457kx,"Trump asked Modi for Nobel backing, his no brought 50% tariffs",21981,866,https://www.financialexpress.com/business/modi-snubbed-trumps-noble-demand-during-phone-call-fallout-soured-ties-3962228/lite/
worldnews,1n3zsf4,'We are already in conflict with Russia' — Merz says Putin destabilizing Germany,10860,297,https://kyivindependent.com/we-are-already-in-conflict-with-russia-german-chancellor/
worldnews,1n4amb2,Company behind Jack Daniel's says Canadian boycott is 'significant' as sales drop 62%,2143,243,https://www.cbc.ca/news/canada/nova-scotia/brown-forman-jack-daniels-quarterly-sales-american-alcohol-boycott-canada-1.7619950
worldnews,1n44nj9,Trump 'no longer has plans' to visit India for Quad Summit: NYT report,1739,174,https://www.newindianexpress.com/nation/2025/Aug/30/trump-no-longer-has-plans-to-visit-india-for-quad-summit-nyt-report
worldnews,1n40c80,"Top Japan trade negotiator canceled U.S. trip over rice, report says",3128,144,https://www.japantimes.co.jp/business/2025/08/30/economy/akazawa-us-trip-cancel-rice/
worldnews,1n3st9c,United States & Canada: Lego Will No Longer Ship Individual Pieces Thanks to Trump Tariffs,15123,549,https://gizmodo.com/lego-will-no-longer-ship-individual-pieces-thanks-to-trump-tariffs-2000650637
worldnews,1n419mz,Trump Giving Ukraine Capability to Strike Deeper Into Russia: NATO Ambassador,2211,98,https://www.newsweek.com/trump-giving-ukraine-capability-strike-deeper-russia-nato-ambassador-2122053
worldnews,1n3y03i,India becomes largest supplier of diesel fuel to Ukraine. Slovakia in second place,2365,149,https://ukranews.com/en/news/1101590-india-becomes-largest-supplier-of-diesel-fuel-to-ukraine-slovakia-in-second-place
worldnews,1n436gf,Yemen’s Houthis say prime minister of rebel-controlled government killed in Israeli airstrike,963,89,https://www.cnn.com/2025/08/30/middleeast/yemen-houthis-prime-minister-israel-intl?Date=20250830&Profile=CNN&utm_content=1756564479&utm_medium=social&utm_source=twitter
worldnews,1n3uc9n,EU's Kallas says Russia won't get frozen assets back without paying reparations,4260,102,https://www.reuters.com/world/eus-kallas-says-russia-wont-get-frozen-assets-back-without-paying-reparations-2025-08-30/
worldnews,1n3w589,Finland’s Air Force Will Stop Using the Swastika on Flags,2556,274,https://www.nytimes.com/2025/08/29/world/europe/finland-air-force-swastika-flags.html
worldnews,1n45p1x,"A Brazilian judge has ordered former President Jair Bolsonaro, who is currently under house arrest while awaiting the verdict in a coup-plotting trial, to be placed under round-the-clock observation",519,18,https://www.dw.com/en/brazil-bolsonaro-placed-under-24-hour-watch-as-flight-risk/a-73776016
worldnews,1n3z702,US Approves $300M Sale of Patriot and Starlink Support for Ukraine,1189,39,https://united24media.com/latest-news/us-approves-300m-sale-of-patriot-and-starlink-support-for-ukraine-11225
worldnews,1n3qsst,India’s Richest Man Reportedly Made €724M From Russian Oil – and Helped Fuel Putin’s War,5848,391,https://www.kyivpost.com/post/58941
worldnews,1n46nod,"Netherlands: The government’s top advisory body has warned that even limited support for people without residency papers, such as offering them a bowl of soup, could become a criminal offense under the new asylum emergency law",403,41,https://www.dutchnews.nl/2025/08/offering-undocumented-migrants-soup-could-be-criminal-offence/
worldnews,1n3u38p,"Battle against India is personal for Trump, his aide Navarro lets it slip",2908,246,https://www.indiatoday.in/amp/india/story/donald-trump-tariff-india-aide-peter-navarro-post-social-media-sanctions-personal-attack-swami-vivekananda-kanyakumari-2778787-2025-08-29
worldnews,1n4a005,Iceland issues Russia Arctic warning,187,1,https://www.newsweek.com/iceland-russia-arctic-warning-2115160
worldnews,1n40bqm,Iran: Khamenei Orders Nationwide Military Alert,592,76,https://irannewswire.org/iran-khamenei-orders-nationwide-military-alert/
worldnews,1n3zfwa,"Ukranian lawmaker shot dead in Lviv, officials say",605,33,https://edition.cnn.com/2025/08/30/europe/ukrainian-lawmaker-killed-lviv-intl
